Fund Name,P1,P2,P3,P4,P5,Topsis Score,Rank
M1,0.93,0.86,4.7,56.9,15.85,0.4000183098560215,8
M2,0.63,0.4,6.6,61.4,17.26,0.6197716288036027,1
M3,0.89,0.79,5.7,62.7,17.52,0.4616939239201327,6
M4,0.85,0.72,5.9,39.4,11.72,0.4548046037165806,7
M5,0.69,0.48,4.2,65.5,17.72,0.5375815815919979,3
M6,0.61,0.37,6.2,41.6,12.2,0.5999276787753826,2
M7,0.82,0.67,6.4,33.4,10.32,0.48762976682990733,5
M8,0.74,0.55,5.1,47.8,13.55,0.5235748946901505,4
